DRG Id,DRG Definition,Category
1,001 - HEART TRANSPLANT OR IMPLANT OF HEART ASSIST SYSTEM W MCC,HEART
2,002 - HEART TRANSPLANT OR IMPLANT OF HEART ASSIST SYSTEM W/O MCC,HEART
3,"003 - ECMO OR TRACH W MV 96+ HRS OR PDX EXC FACE, MOUTH & NECK W MAJ O.R.",LUNG
4,"004 - TRACH W MV 96+ HRS OR PDX EXC FACE, MOUTH & NECK W/O MAJ O.R.",LUNG
5,005 - LIVER TRANSPLANT W MCC OR INTESTINAL TRANSPLANT,DIGESTIVE
6,006 - LIVER TRANSPLANT W/O MCC,DIGESTIVE
7,007 - LUNG TRANSPLANT,LUNG
8,008 - SIMULTANEOUS PANCREAS/KIDNEY TRANSPLANT,URINARY
11,"011 - TRACHEOSTOMY FOR FACE,MOUTH & NECK DIAGNOSES W MCC",LUNG
12,"012 - TRACHEOSTOMY FOR FACE,MOUTH & NECK DIAGNOSES W CC",LUNG
13,"013 - TRACHEOSTOMY FOR FACE,MOUTH & NECK DIAGNOSES W/O CC/MCC",LUNG
14,014 - ALLOGENEIC BONE MARROW TRANSPLANT,Other
16,016 - AUTOLOGOUS BONE MARROW TRANSPLANT W CC/MCC,Other
17,017 - AUTOLOGOUS BONE MARROW TRANSPLANT W/O CC/MCC,Other
20,020 - INTRACRANIAL VASCULAR PROCEDURES W PDX HEMORRHAGE W MCC,HEAD NECK BACK
23,023 - CRANIO W MAJOR DEV IMPL/ACUTE COMPLEX CNS PDX W MCC OR CHEMO IMPLANT,HEAD NECK BACK
24,024 - CRANIO W MAJOR DEV IMPL/ACUTE COMPLEX CNS PDX W/O MCC,HEAD NECK BACK
25,025 - CRANIOTOMY & ENDOVASCULAR INTRACRANIAL PROCEDURES W MCC,HEAD NECK BACK
26,026 - CRANIOTOMY & ENDOVASCULAR INTRACRANIAL PROCEDURES W CC,HEAD NECK BACK
27,027 - CRANIOTOMY & ENDOVASCULAR INTRACRANIAL PROCEDURES W/O CC/MCC,HEAD NECK BACK
28,028 - SPINAL PROCEDURES W MCC,HEAD NECK BACK
29,029 - SPINAL PROCEDURES W CC OR SPINAL NEUROSTIMULATORS,HEAD NECK BACK
30,030 - SPINAL PROCEDURES W/O CC/MCC,HEAD NECK BACK
31,031 - VENTRICULAR SHUNT PROCEDURES W MCC,HEART
32,032 - VENTRICULAR SHUNT PROCEDURES W CC,HEART
33,033 - VENTRICULAR SHUNT PROCEDURES W/O CC/MCC,HEART
34,034 - CAROTID ARTERY STENT PROCEDURE W MCC,HEART
35,035 - CAROTID ARTERY STENT PROCEDURE W CC,HEART
36,036 - CAROTID ARTERY STENT PROCEDURE W/O CC/MCC,HEART
37,037 - EXTRACRANIAL PROCEDURES W MCC,HEAD NECK BACK
38,038 - EXTRACRANIAL PROCEDURES W CC,HEAD NECK BACK
39,039 - EXTRACRANIAL PROCEDURES W/O CC/MCC,HEAD NECK BACK
40,040 - PERIPH/CRANIAL NERVE & OTHER NERV SYST PROC W MCC,HEAD NECK BACK
41,041 - PERIPH/CRANIAL NERVE & OTHER NERV SYST PROC W CC OR PERIPH NEUROSTIM,HEAD NECK BACK
42,042 - PERIPH/CRANIAL NERVE & OTHER NERV SYST PROC W/O CC/MCC,HEAD NECK BACK
54,054 - NERVOUS SYSTEM NEOPLASMS W MCC,HEAD NECK BACK
55,055 - NERVOUS SYSTEM NEOPLASMS W/O MCC,HEAD NECK BACK
56,056 - DEGENERATIVE NERVOUS SYSTEM DISORDERS W MCC,DISEASE
57,057 - DEGENERATIVE NERVOUS SYSTEM DISORDERS W/O MCC,DISEASE
59,059 - MULTIPLE SCLEROSIS & CEREBELLAR ATAXIA W CC,DISEASE
60,060 - MULTIPLE SCLEROSIS & CEREBELLAR ATAXIA W/O CC/MCC,DISEASE
61,061 - ACUTE ISCHEMIC STROKE W USE OF THROMBOLYTIC AGENT W MCC,HEAD NECK BACK
62,062 - ACUTE ISCHEMIC STROKE W USE OF THROMBOLYTIC AGENT W CC,HEAD NECK BACK
63,063 - ACUTE ISCHEMIC STROKE W USE OF THROMBOLYTIC AGENT W/O CC/MCC,HEAD NECK BACK
64,064 - INTRACRANIAL HEMORRHAGE OR CEREBRAL INFARCTION W MCC,HEAD NECK BACK
65,065 - INTRACRANIAL HEMORRHAGE OR CEREBRAL INFARCTION W CC OR TPA IN 24 HRS,HEAD NECK BACK
66,066 - INTRACRANIAL HEMORRHAGE OR CEREBRAL INFARCTION W/O CC/MCC,HEAD NECK BACK
68,068 - NONSPECIFIC CVA & PRECEREBRAL OCCLUSION W/O INFARCT W/O MCC,HEAD NECK BACK
69,069 - TRANSIENT ISCHEMIA,HEAD NECK BACK
70,070 - NONSPECIFIC CEREBROVASCULAR DISORDERS W MCC,HEAD NECK BACK
71,071 - NONSPECIFIC CEREBROVASCULAR DISORDERS W CC,HEAD NECK BACK
72,072 - NONSPECIFIC CEREBROVASCULAR DISORDERS W/O CC/MCC,HEAD NECK BACK
73,073 - CRANIAL & PERIPHERAL NERVE DISORDERS W MCC,HEAD NECK BACK
74,074 - CRANIAL & PERIPHERAL NERVE DISORDERS W/O MCC,HEAD NECK BACK
77,077 - HYPERTENSIVE ENCEPHALOPATHY W MCC,DISEASE
78,078 - HYPERTENSIVE ENCEPHALOPATHY W CC,DISEASE
81,081 - NONTRAUMATIC STUPOR & COMA W/O MCC,HEAD NECK BACK
82,"082 - TRAUMATIC STUPOR & COMA, COMA >1 HR W MCC",HEAD NECK BACK
83,"083 - TRAUMATIC STUPOR & COMA, COMA >1 HR W CC",HEAD NECK BACK
84,"084 - TRAUMATIC STUPOR & COMA, COMA >1 HR W/O CC/MCC",HEAD NECK BACK
85,"085 - TRAUMATIC STUPOR & COMA, COMA <1 HR W MCC",HEAD NECK BACK
86,"086 - TRAUMATIC STUPOR & COMA, COMA <1 HR W CC",HEAD NECK BACK
87,"087 - TRAUMATIC STUPOR & COMA, COMA <1 HR W/O CC/MCC",HEAD NECK BACK
89,089 - CONCUSSION W CC,HEAD NECK BACK
90,090 - CONCUSSION W/O CC/MCC,HEAD NECK BACK
91,091 - OTHER DISORDERS OF NERVOUS SYSTEM W MCC,DISEASE
92,092 - OTHER DISORDERS OF NERVOUS SYSTEM W CC,DISEASE
93,093 - OTHER DISORDERS OF NERVOUS SYSTEM W/O CC/MCC,DISEASE
94,094 - BACTERIAL & TUBERCULOUS INFECTIONS OF NERVOUS SYSTEM W MCC,DISEASE
100,100 - SEIZURES W MCC,HEAD NECK BACK
101,101 - SEIZURES W/O MCC,HEAD NECK BACK
102,102 - HEADACHES W MCC,HEAD NECK BACK
103,103 - HEADACHES W/O MCC,HEAD NECK BACK
113,113 - ORBITAL PROCEDURES W CC/MCC,HEAD NECK BACK
114,114 - ORBITAL PROCEDURES W/O CC/MCC,HEAD NECK BACK
115,115 - EXTRAOCULAR PROCEDURES EXCEPT ORBIT,HEAD NECK BACK
116,116 - INTRAOCULAR PROCEDURES W CC/MCC,HEAD NECK BACK
117,117 - INTRAOCULAR PROCEDURES W/O CC/MCC,HEAD NECK BACK
123,123 - NEUROLOGICAL EYE DISORDERS,HEAD NECK BACK
125,125 - OTHER DISORDERS OF THE EYE W/O MCC,HEAD NECK BACK
129,129 - MAJOR HEAD & NECK PROCEDURES W CC/MCC OR MAJOR DEVICE,HEAD NECK BACK
130,130 - MAJOR HEAD & NECK PROCEDURES W/O CC/MCC,HEAD NECK BACK
131,131 - CRANIAL/FACIAL PROCEDURES W CC/MCC,HEAD NECK BACK
133,"133 - OTHER EAR, NOSE, MOUTH & THROAT O.R. PROCEDURES W CC/MCC",HEAD NECK BACK
134,"134 - OTHER EAR, NOSE, MOUTH & THROAT O.R. PROCEDURES W/O CC/MCC",HEAD NECK BACK
138,138 - MOUTH PROCEDURES W/O CC/MCC,HEAD NECK BACK
139,139 - SALIVARY GLAND PROCEDURES,HEAD NECK BACK
149,149 - DYSEQUILIBRIUM,HEAD NECK BACK
151,151 - EPISTAXIS W/O MCC,HEAD NECK BACK
152,152 - OTITIS MEDIA & URI W MCC,HEAD NECK BACK
153,153 - OTITIS MEDIA & URI W/O MCC,HEAD NECK BACK
154,"154 - OTHER EAR, NOSE, MOUTH & THROAT DIAGNOSES W MCC",HEAD NECK BACK
155,"155 - OTHER EAR, NOSE, MOUTH & THROAT DIAGNOSES W CC",HEAD NECK BACK
156,"156 - OTHER EAR, NOSE, MOUTH & THROAT DIAGNOSES W/O CC/MCC",HEAD NECK BACK
157,157 - DENTAL & ORAL DISEASES W MCC,HEAD NECK BACK
158,158 - DENTAL & ORAL DISEASES W CC,HEAD NECK BACK
163,163 - MAJOR CHEST PROCEDURES W MCC,HEART
164,164 - MAJOR CHEST PROCEDURES W CC,HEART
165,165 - MAJOR CHEST PROCEDURES W/O CC/MCC,HEART
166,166 - OTHER RESP SYSTEM O.R. PROCEDURES W MCC,LUNG
167,167 - OTHER RESP SYSTEM O.R. PROCEDURES W CC,LUNG
168,168 - OTHER RESP SYSTEM O.R. PROCEDURES W/O CC/MCC,LUNG
175,175 - PULMONARY EMBOLISM W MCC,LUNG
176,176 - PULMONARY EMBOLISM W/O MCC,LUNG
177,177 - RESPIRATORY INFECTIONS & INFLAMMATIONS W MCC,LUNG
178,178 - RESPIRATORY INFECTIONS & INFLAMMATIONS W CC,LUNG
179,179 - RESPIRATORY INFECTIONS & INFLAMMATIONS W/O CC/MCC,LUNG
180,180 - RESPIRATORY NEOPLASMS W MCC,LUNG
181,181 - RESPIRATORY NEOPLASMS W CC,LUNG
183,183 - MAJOR CHEST TRAUMA W MCC,HEART
184,184 - MAJOR CHEST TRAUMA W CC,HEART
185,185 - MAJOR CHEST TRAUMA W/O CC/MCC,HEART
186,186 - PLEURAL EFFUSION W MCC,LUNG
187,187 - PLEURAL EFFUSION W CC,LUNG
189,189 - PULMONARY EDEMA & RESPIRATORY FAILURE,LUNG
190,190 - CHRONIC OBSTRUCTIVE PULMONARY DISEASE W MCC,LUNG
191,191 - CHRONIC OBSTRUCTIVE PULMONARY DISEASE W CC,LUNG
192,192 - CHRONIC OBSTRUCTIVE PULMONARY DISEASE W/O CC/MCC,LUNG
193,193 - SIMPLE PNEUMONIA & PLEURISY W MCC,LUNG
194,194 - SIMPLE PNEUMONIA & PLEURISY W CC,LUNG
195,195 - SIMPLE PNEUMONIA & PLEURISY W/O CC/MCC,LUNG
196,196 - INTERSTITIAL LUNG DISEASE W MCC,LUNG
197,197 - INTERSTITIAL LUNG DISEASE W CC,LUNG
198,198 - INTERSTITIAL LUNG DISEASE W/O CC/MCC,LUNG
199,199 - PNEUMOTHORAX W MCC,LUNG
200,200 - PNEUMOTHORAX W CC,LUNG
201,201 - PNEUMOTHORAX W/O CC/MCC,LUNG
202,202 - BRONCHITIS & ASTHMA W CC/MCC,LUNG
203,203 - BRONCHITIS & ASTHMA W/O CC/MCC,LUNG
204,204 - RESPIRATORY SIGNS & SYMPTOMS,LUNG
205,205 - OTHER RESPIRATORY SYSTEM DIAGNOSES W MCC,LUNG
206,206 - OTHER RESPIRATORY SYSTEM DIAGNOSES W/O MCC,LUNG
207,207 - RESPIRATORY SYSTEM DIAGNOSIS W VENTILATOR SUPPORT 96+ HOURS,LUNG
208,208 - RESPIRATORY SYSTEM DIAGNOSIS W VENTILATOR SUPPORT <96 HOURS,LUNG
215,215 - OTHER HEART ASSIST SYSTEM IMPLANT,HEART
216,216 - CARDIAC VALVE & OTH MAJ CARDIOTHORACIC PROC W CARD CATH W MCC,HEART
217,217 - CARDIAC VALVE & OTH MAJ CARDIOTHORACIC PROC W CARD CATH W CC,HEART
218,218 - CARDIAC VALVE & OTH MAJ CARDIOTHORACIC PROC W CARD CATH W/O CC/MCC,HEART
219,219 - CARDIAC VALVE & OTH MAJ CARDIOTHORACIC PROC W/O CARD CATH W MCC,HEART
220,220 - CARDIAC VALVE & OTH MAJ CARDIOTHORACIC PROC W/O CARD CATH W CC,HEART
221,221 - CARDIAC VALVE & OTH MAJ CARDIOTHORACIC PROC W/O CARD CATH W/O CC/MCC,HEART
222,222 - CARDIAC DEFIB IMPLANT W CARDIAC CATH W AMI/HF/SHOCK W MCC,HEART
223,223 - CARDIAC DEFIB IMPLANT W CARDIAC CATH W AMI/HF/SHOCK W/O MCC,HEART
224,224 - CARDIAC DEFIB IMPLANT W CARDIAC CATH W/O AMI/HF/SHOCK W MCC,HEART
225,225 - CARDIAC DEFIB IMPLANT W CARDIAC CATH W/O AMI/HF/SHOCK W/O MCC,HEART
226,226 - CARDIAC DEFIBRILLATOR IMPLANT W/O CARDIAC CATH W MCC,HEART
227,227 - CARDIAC DEFIBRILLATOR IMPLANT W/O CARDIAC CATH W/O MCC,HEART
228,228 - OTHER CARDIOTHORACIC PROCEDURES W MCC,HEART
229,229 - OTHER CARDIOTHORACIC PROCEDURES W CC,HEART
230,230 - OTHER CARDIOTHORACIC PROCEDURES W/O CC/MCC,HEART
233,233 - CORONARY BYPASS W CARDIAC CATH W MCC,HEART
234,234 - CORONARY BYPASS W CARDIAC CATH W/O MCC,HEART
235,235 - CORONARY BYPASS W/O CARDIAC CATH W MCC,HEART
236,236 - CORONARY BYPASS W/O CARDIAC CATH W/O MCC,HEART
237,237 - MAJOR CARDIOVASC PROCEDURES W MCC,HEART
238,238 - MAJOR CARDIOVASC PROCEDURES W/O MCC,HEART
239,239 - AMPUTATION FOR CIRC SYS DISORDERS EXC UPPER LIMB & TOE W MCC,HEART
240,240 - AMPUTATION FOR CIRC SYS DISORDERS EXC UPPER LIMB & TOE W CC,HEART
242,242 - PERMANENT CARDIAC PACEMAKER IMPLANT W MCC,HEART
243,243 - PERMANENT CARDIAC PACEMAKER IMPLANT W CC,HEART
244,244 - PERMANENT CARDIAC PACEMAKER IMPLANT W/O CC/MCC,HEART
245,245 - AICD GENERATOR PROCEDURES,HEART
246,246 - PERC CARDIOVASC PROC W DRUG-ELUTING STENT W MCC OR 4+ VESSELS/STENTS,HEART
247,247 - PERC CARDIOVASC PROC W DRUG-ELUTING STENT W/O MCC,HEART
248,248 - PERC CARDIOVASC PROC W NON-DRUG-ELUTING STENT W MCC OR 4+ VES/STENTS,HEART
249,249 - PERC CARDIOVASC PROC W NON-DRUG-ELUTING STENT W/O MCC,HEART
250,250 - PERC CARDIOVASC PROC W/O CORONARY ARTERY STENT W MCC,HEART
251,251 - PERC CARDIOVASC PROC W/O CORONARY ARTERY STENT W/O MCC,HEART
252,252 - OTHER VASCULAR PROCEDURES W MCC,HEART
253,253 - OTHER VASCULAR PROCEDURES W CC,HEART
254,254 - OTHER VASCULAR PROCEDURES W/O CC/MCC,HEART
255,255 - UPPER LIMB & TOE AMPUTATION FOR CIRC SYSTEM DISORDERS W MCC,LIMBS
256,256 - UPPER LIMB & TOE AMPUTATION FOR CIRC SYSTEM DISORDERS W CC,LIMBS
259,259 - CARDIAC PACEMAKER DEVICE REPLACEMENT W/O MCC,HEART
260,260 - CARDIAC PACEMAKER REVISION EXCEPT DEVICE REPLACEMENT W MCC,HEART
261,261 - CARDIAC PACEMAKER REVISION EXCEPT DEVICE REPLACEMENT W CC,HEART
262,262 - CARDIAC PACEMAKER REVISION EXCEPT DEVICE REPLACEMENT W/O CC/MCC,HEART
264,264 - OTHER CIRCULATORY SYSTEM O.R. PROCEDURES,HEART
280,"280 - ACUTE MYOCARDIAL INFARCTION, DISCHARGED ALIVE W MCC",HEART
281,"281 - ACUTE MYOCARDIAL INFARCTION, DISCHARGED ALIVE W CC",HEART
282,"282 - ACUTE MYOCARDIAL INFARCTION, DISCHARGED ALIVE W/O CC/MCC",HEART
283,"283 - ACUTE MYOCARDIAL INFARCTION, EXPIRED W MCC",HEART
286,"286 - CIRCULATORY DISORDERS EXCEPT AMI, W CARD CATH W MCC",HEART
287,"287 - CIRCULATORY DISORDERS EXCEPT AMI, W CARD CATH W/O MCC",HEART
291,291 - HEART FAILURE & SHOCK W MCC,HEART
292,292 - HEART FAILURE & SHOCK W CC,HEART
293,293 - HEART FAILURE & SHOCK W/O CC/MCC,HEART
296,"296 - CARDIAC ARREST, UNEXPLAINED W MCC",HEART
299,299 - PERIPHERAL VASCULAR DISORDERS W MCC,HEART
300,300 - PERIPHERAL VASCULAR DISORDERS W CC,HEART
301,301 - PERIPHERAL VASCULAR DISORDERS W/O CC/MCC,HEART
302,302 - ATHEROSCLEROSIS W MCC,HEART
303,303 - ATHEROSCLEROSIS W/O MCC,HEART
304,304 - HYPERTENSION W MCC,HEART
305,305 - HYPERTENSION W/O MCC,HEART
306,306 - CARDIAC CONGENITAL & VALVULAR DISORDERS W MCC,HEART
307,307 - CARDIAC CONGENITAL & VALVULAR DISORDERS W/O MCC,HEART
308,308 - CARDIAC ARRHYTHMIA & CONDUCTION DISORDERS W MCC,HEART
309,309 - CARDIAC ARRHYTHMIA & CONDUCTION DISORDERS W CC,HEART
310,310 - CARDIAC ARRHYTHMIA & CONDUCTION DISORDERS W/O CC/MCC,HEART
311,311 - ANGINA PECTORIS,HEART
312,312 - SYNCOPE & COLLAPSE,HEART
313,313 - CHEST PAIN,HEART
314,314 - OTHER CIRCULATORY SYSTEM DIAGNOSES W MCC,HEART
315,315 - OTHER CIRCULATORY SYSTEM DIAGNOSES W CC,HEART
316,316 - OTHER CIRCULATORY SYSTEM DIAGNOSES W/O CC/MCC,HEART
326,"326 - STOMACH, ESOPHAGEAL & DUODENAL PROC W MCC",DIGESTIVE
327,"327 - STOMACH, ESOPHAGEAL & DUODENAL PROC W CC",DIGESTIVE
328,"328 - STOMACH, ESOPHAGEAL & DUODENAL PROC W/O CC/MCC",DIGESTIVE
329,329 - MAJOR SMALL & LARGE BOWEL PROCEDURES W MCC,DIGESTIVE
330,330 - MAJOR SMALL & LARGE BOWEL PROCEDURES W CC,DIGESTIVE
331,331 - MAJOR SMALL & LARGE BOWEL PROCEDURES W/O CC/MCC,DIGESTIVE
332,332 - RECTAL RESECTION W MCC,DIGESTIVE
333,333 - RECTAL RESECTION W CC,DIGESTIVE
334,334 - RECTAL RESECTION W/O CC/MCC,DIGESTIVE
335,335 - PERITONEAL ADHESIOLYSIS W MCC,DIGESTIVE
336,336 - PERITONEAL ADHESIOLYSIS W CC,DIGESTIVE
337,337 - PERITONEAL ADHESIOLYSIS W/O CC/MCC,DIGESTIVE
343,343 - APPENDECTOMY W/O COMPLICATED PRINCIPAL DIAG W/O CC/MCC,DIGESTIVE
345,345 - MINOR SMALL & LARGE BOWEL PROCEDURES W CC,DIGESTIVE
346,346 - MINOR SMALL & LARGE BOWEL PROCEDURES W/O CC/MCC,DIGESTIVE
347,347 - ANAL & STOMAL PROCEDURES W MCC,DIGESTIVE
348,348 - ANAL & STOMAL PROCEDURES W CC,DIGESTIVE
349,349 - ANAL & STOMAL PROCEDURES W/O CC/MCC,DIGESTIVE
351,351 - INGUINAL & FEMORAL HERNIA PROCEDURES W CC,DIGESTIVE
352,352 - INGUINAL & FEMORAL HERNIA PROCEDURES W/O CC/MCC,DIGESTIVE
353,353 - HERNIA PROCEDURES EXCEPT INGUINAL & FEMORAL W MCC,DIGESTIVE
354,354 - HERNIA PROCEDURES EXCEPT INGUINAL & FEMORAL W CC,DIGESTIVE
355,355 - HERNIA PROCEDURES EXCEPT INGUINAL & FEMORAL W/O CC/MCC,DIGESTIVE
356,356 - OTHER DIGESTIVE SYSTEM O.R. PROCEDURES W MCC,DIGESTIVE
357,357 - OTHER DIGESTIVE SYSTEM O.R. PROCEDURES W CC,DIGESTIVE
358,358 - OTHER DIGESTIVE SYSTEM O.R. PROCEDURES W/O CC/MCC,DIGESTIVE
368,368 - MAJOR ESOPHAGEAL DISORDERS W MCC,DIGESTIVE
369,369 - MAJOR ESOPHAGEAL DISORDERS W CC,DIGESTIVE
371,371 - MAJOR GASTROINTESTINAL DISORDERS & PERITONEAL INFECTIONS W MCC,DIGESTIVE
372,372 - MAJOR GASTROINTESTINAL DISORDERS & PERITONEAL INFECTIONS W CC,DIGESTIVE
373,373 - MAJOR GASTROINTESTINAL DISORDERS & PERITONEAL INFECTIONS W/O CC/MCC,DIGESTIVE
374,374 - DIGESTIVE MALIGNANCY W MCC,DIGESTIVE
375,375 - DIGESTIVE MALIGNANCY W CC,DIGESTIVE
376,376 - DIGESTIVE MALIGNANCY W/O CC/MCC,DIGESTIVE
377,377 - G.I. HEMORRHAGE W MCC,DIGESTIVE
378,378 - G.I. HEMORRHAGE W CC,DIGESTIVE
379,379 - G.I. HEMORRHAGE W/O CC/MCC,DIGESTIVE
381,381 - COMPLICATED PEPTIC ULCER W CC,DIGESTIVE
383,383 - UNCOMPLICATED PEPTIC ULCER W MCC,DIGESTIVE
384,384 - UNCOMPLICATED PEPTIC ULCER W/O MCC,DIGESTIVE
385,385 - INFLAMMATORY BOWEL DISEASE W MCC,DIGESTIVE
386,386 - INFLAMMATORY BOWEL DISEASE W CC,DIGESTIVE
387,387 - INFLAMMATORY BOWEL DISEASE W/O CC/MCC,DIGESTIVE
388,388 - G.I. OBSTRUCTION W MCC,DIGESTIVE
389,389 - G.I. OBSTRUCTION W CC,DIGESTIVE
390,390 - G.I. OBSTRUCTION W/O CC/MCC,DIGESTIVE
391,"391 - ESOPHAGITIS, GASTROENT & MISC DIGEST DISORDERS W MCC",DIGESTIVE
392,"392 - ESOPHAGITIS, GASTROENT & MISC DIGEST DISORDERS W/O MCC",DIGESTIVE
393,393 - OTHER DIGESTIVE SYSTEM DIAGNOSES W MCC,DIGESTIVE
394,394 - OTHER DIGESTIVE SYSTEM DIAGNOSES W CC,DIGESTIVE
395,395 - OTHER DIGESTIVE SYSTEM DIAGNOSES W/O CC/MCC,DIGESTIVE
405,"405 - PANCREAS, LIVER & SHUNT PROCEDURES W MCC",DIGESTIVE
406,"406 - PANCREAS, LIVER & SHUNT PROCEDURES W CC",DIGESTIVE
407,"407 - PANCREAS, LIVER & SHUNT PROCEDURES W/O CC/MCC",DIGESTIVE
408,408 - BILIARY TRACT PROC EXCEPT ONLY CHOLECYST W OR W/O C.D.E. W MCC,DIGESTIVE
414,414 - CHOLECYSTECTOMY EXCEPT BY LAPAROSCOPE W/O C.D.E. W MCC,DIGESTIVE
415,415 - CHOLECYSTECTOMY EXCEPT BY LAPAROSCOPE W/O C.D.E. W CC,DIGESTIVE
416,416 - CHOLECYSTECTOMY EXCEPT BY LAPAROSCOPE W/O C.D.E. W/O CC/MCC,DIGESTIVE
417,417 - LAPAROSCOPIC CHOLECYSTECTOMY W/O C.D.E. W MCC,DIGESTIVE
418,418 - LAPAROSCOPIC CHOLECYSTECTOMY W/O C.D.E. W CC,DIGESTIVE
419,419 - LAPAROSCOPIC CHOLECYSTECTOMY W/O C.D.E. W/O CC/MCC,DIGESTIVE
423,423 - OTHER HEPATOBILIARY OR PANCREAS O.R. PROCEDURES W MCC,DIGESTIVE
432,432 - CIRRHOSIS & ALCOHOLIC HEPATITIS W MCC,DISEASE
433,433 - CIRRHOSIS & ALCOHOLIC HEPATITIS W CC,DISEASE
435,435 - MALIGNANCY OF HEPATOBILIARY SYSTEM OR PANCREAS W MCC,CANCER
436,436 - MALIGNANCY OF HEPATOBILIARY SYSTEM OR PANCREAS W CC,CANCER
437,437 - MALIGNANCY OF HEPATOBILIARY SYSTEM OR PANCREAS W/O CC/MCC,CANCER
438,438 - DISORDERS OF PANCREAS EXCEPT MALIGNANCY W MCC,DIGESTIVE
439,439 - DISORDERS OF PANCREAS EXCEPT MALIGNANCY W CC,DIGESTIVE
440,440 - DISORDERS OF PANCREAS EXCEPT MALIGNANCY W/O CC/MCC,DIGESTIVE
441,"441 - DISORDERS OF LIVER EXCEPT MALIG,CIRR,ALC HEPA W MCC",DIGESTIVE
442,"442 - DISORDERS OF LIVER EXCEPT MALIG,CIRR,ALC HEPA W CC",DIGESTIVE
443,"443 - DISORDERS OF LIVER EXCEPT MALIG,CIRR,ALC HEPA W/O CC/MCC",DIGESTIVE
444,444 - DISORDERS OF THE BILIARY TRACT W MCC,DIGESTIVE
445,445 - DISORDERS OF THE BILIARY TRACT W CC,DIGESTIVE
446,446 - DISORDERS OF THE BILIARY TRACT W/O CC/MCC,DIGESTIVE
453,453 - COMBINED ANTERIOR/POSTERIOR SPINAL FUSION W MCC,HEAD NECK BACK
454,454 - COMBINED ANTERIOR/POSTERIOR SPINAL FUSION W CC,HEAD NECK BACK
455,455 - COMBINED ANTERIOR/POSTERIOR SPINAL FUSION W/O CC/MCC,HEAD NECK BACK
456,456 - SPINAL FUS EXC CERV W SPINAL CURV/MALIG/INFEC OR 9+ FUS W MCC,CANCER
457,457 - SPINAL FUS EXC CERV W SPINAL CURV/MALIG/INFEC OR 9+ FUS W CC,CANCER
458,458 - SPINAL FUS EXC CERV W SPINAL CURV/MALIG/INFEC OR 9+ FUS W/O CC/MCC,CANCER
459,459 - SPINAL FUSION EXCEPT CERVICAL W MCC,HEAD NECK BACK
460,460 - SPINAL FUSION EXCEPT CERVICAL W/O MCC,HEAD NECK BACK
462,462 - BILATERAL OR MULTIPLE MAJOR JOINT PROCS OF LOWER EXTREMITY W/O MCC,LIMBS
463,"463 - WND DEBRID & SKN GRFT EXC HAND, FOR MUSCULO-CONN TISS DIS W MCC",LIMBS
464,"464 - WND DEBRID & SKN GRFT EXC HAND, FOR MUSCULO-CONN TISS DIS W CC",LIMBS
465,"465 - WND DEBRID & SKN GRFT EXC HAND, FOR MUSCULO-CONN TISS DIS W/O CC/MCC",LIMBS
466,466 - REVISION OF HIP OR KNEE REPLACEMENT W MCC,LIMBS
467,467 - REVISION OF HIP OR KNEE REPLACEMENT W CC,LIMBS
468,468 - REVISION OF HIP OR KNEE REPLACEMENT W/O CC/MCC,LIMBS
469,469 - MAJOR JOINT REPLACEMENT OR REATTACHMENT OF LOWER EXTREMITY W MCC,LIMBS
470,470 - MAJOR JOINT REPLACEMENT OR REATTACHMENT OF LOWER EXTREMITY W/O MCC,LIMBS
471,471 - CERVICAL SPINAL FUSION W MCC,HEAD NECK BACK
472,472 - CERVICAL SPINAL FUSION W CC,HEAD NECK BACK
473,473 - CERVICAL SPINAL FUSION W/O CC/MCC,HEAD NECK BACK
474,474 - AMPUTATION FOR MUSCULOSKELETAL SYS & CONN TISSUE DIS W MCC,LIMBS
475,475 - AMPUTATION FOR MUSCULOSKELETAL SYS & CONN TISSUE DIS W CC,LIMBS
477,477 - BIOPSIES OF MUSCULOSKELETAL SYSTEM & CONNECTIVE TISSUE W MCC,LIMBS
478,478 - BIOPSIES OF MUSCULOSKELETAL SYSTEM & CONNECTIVE TISSUE W CC,LIMBS
479,479 - BIOPSIES OF MUSCULOSKELETAL SYSTEM & CONNECTIVE TISSUE W/O CC/MCC,LIMBS
480,480 - HIP & FEMUR PROCEDURES EXCEPT MAJOR JOINT W MCC,LIMBS
481,481 - HIP & FEMUR PROCEDURES EXCEPT MAJOR JOINT W CC,LIMBS
482,482 - HIP & FEMUR PROCEDURES EXCEPT MAJOR JOINT W/O CC/MCC,LIMBS
483,483 - MAJOR JOINT/LIMB REATTACHMENT PROCEDURE OF UPPER EXTREMITIES,LIMBS
484,484 - MAJOR JOINT & LIMB REATTACHMENT PROC OF UPPER EXTREMITY W/O CC/MCC,LIMBS
486,486 - KNEE PROCEDURES W PDX OF INFECTION W CC,LIMBS
488,488 - KNEE PROCEDURES W/O PDX OF INFECTION W CC/MCC,LIMBS
489,489 - KNEE PROCEDURES W/O PDX OF INFECTION W/O CC/MCC,LIMBS
490,490 - BACK & NECK PROC EXC SPINAL FUSION W CC/MCC OR DISC DEVICE/NEUROSTIM,HEAD NECK BACK
491,491 - BACK & NECK PROC EXC SPINAL FUSION W/O CC/MCC,HEAD NECK BACK
492,"492 - LOWER EXTREM & HUMER PROC EXCEPT HIP,FOOT,FEMUR W MCC",LIMBS
493,"493 - LOWER EXTREM & HUMER PROC EXCEPT HIP,FOOT,FEMUR W CC",LIMBS
494,"494 - LOWER EXTREM & HUMER PROC EXCEPT HIP,FOOT,FEMUR W/O CC/MCC",LIMBS
495,495 - LOCAL EXCISION & REMOVAL INT FIX DEVICES EXC HIP & FEMUR W MCC,LIMBS
496,496 - LOCAL EXCISION & REMOVAL INT FIX DEVICES EXC HIP & FEMUR W CC,LIMBS
497,497 - LOCAL EXCISION & REMOVAL INT FIX DEVICES EXC HIP & FEMUR W/O CC/MCC,LIMBS
500,500 - SOFT TISSUE PROCEDURES W MCC,LIMBS
501,501 - SOFT TISSUE PROCEDURES W CC,LIMBS
502,502 - SOFT TISSUE PROCEDURES W/O CC/MCC,LIMBS
504,504 - FOOT PROCEDURES W CC,LIMBS
505,505 - FOOT PROCEDURES W/O CC/MCC,LIMBS
511,"511 - SHOULDER,ELBOW OR FOREARM PROC,EXC MAJOR JOINT PROC W CC",LIMBS
512,"512 - SHOULDER,ELBOW OR FOREARM PROC,EXC MAJOR JOINT PROC W/O CC/MCC",LIMBS
513,"513 - HAND OR WRIST PROC, EXCEPT MAJOR THUMB OR JOINT PROC W CC/MCC",LIMBS
514,"514 - HAND OR WRIST PROC, EXCEPT MAJOR THUMB OR JOINT PROC W/O CC/MCC",LIMBS
515,515 - OTHER MUSCULOSKELET SYS & CONN TISS O.R. PROC W MCC,LIMBS
516,516 - OTHER MUSCULOSKELET SYS & CONN TISS O.R. PROC W CC,LIMBS
517,517 - OTHER MUSCULOSKELET SYS & CONN TISS O.R. PROC W/O CC/MCC,LIMBS
535,535 - FRACTURES OF HIP & PELVIS W MCC,LIMBS
536,536 - FRACTURES OF HIP & PELVIS W/O MCC,LIMBS
539,539 - OSTEOMYELITIS W MCC,LIMBS
540,540 - OSTEOMYELITIS W CC,LIMBS
542,542 - PATHOLOGICAL FRACTURES & MUSCULOSKELET & CONN TISS MALIG W MCC,LIMBS
543,543 - PATHOLOGICAL FRACTURES & MUSCULOSKELET & CONN TISS MALIG W CC,LIMBS
544,544 - PATHOLOGICAL FRACTURES & MUSCULOSKELET & CONN TISS MALIG W/O CC/MCC,LIMBS
545,545 - CONNECTIVE TISSUE DISORDERS W MCC,LIMBS
546,546 - CONNECTIVE TISSUE DISORDERS W CC,LIMBS
547,547 - CONNECTIVE TISSUE DISORDERS W/O CC/MCC,LIMBS
551,551 - MEDICAL BACK PROBLEMS W MCC,HEAD NECK BACK
552,552 - MEDICAL BACK PROBLEMS W/O MCC,HEAD NECK BACK
553,553 - BONE DISEASES & ARTHROPATHIES W MCC,DISEASE
554,554 - BONE DISEASES & ARTHROPATHIES W/O MCC,DISEASE
555,555 - SIGNS & SYMPTOMS OF MUSCULOSKELETAL SYSTEM & CONN TISSUE W MCC,LIMBS
556,556 - SIGNS & SYMPTOMS OF MUSCULOSKELETAL SYSTEM & CONN TISSUE W/O MCC,LIMBS
557,"557 - TENDONITIS, MYOSITIS & BURSITIS W MCC",LIMBS
558,"558 - TENDONITIS, MYOSITIS & BURSITIS W/O MCC",LIMBS
560,"560 - AFTERCARE, MUSCULOSKELETAL SYSTEM & CONNECTIVE TISSUE W CC",LIMBS
561,"561 - AFTERCARE, MUSCULOSKELETAL SYSTEM & CONNECTIVE TISSUE W/O CC/MCC",LIMBS
562,"562 - FX, SPRN, STRN & DISL EXCEPT FEMUR, HIP, PELVIS & THIGH W MCC",LIMBS
563,"563 - FX, SPRN, STRN & DISL EXCEPT FEMUR, HIP, PELVIS & THIGH W/O MCC",LIMBS
564,564 - OTHER MUSCULOSKELETAL SYS & CONNECTIVE TISSUE DIAGNOSES W MCC,LIMBS
565,565 - OTHER MUSCULOSKELETAL SYS & CONNECTIVE TISSUE DIAGNOSES W CC,LIMBS
570,570 - SKIN DEBRIDEMENT W MCC,SKIN
571,571 - SKIN DEBRIDEMENT W CC,SKIN
573,573 - SKIN GRAFT FOR SKIN ULCER OR CELLULITIS W MCC,SKIN
574,574 - SKIN GRAFT FOR SKIN ULCER OR CELLULITIS W CC,SKIN
577,577 - SKIN GRAFT EXC FOR SKIN ULCER OR CELLULITIS W CC,SKIN
578,578 - SKIN GRAFT EXC FOR SKIN ULCER OR CELLULITIS W/O CC/MCC,SKIN
579,"579 - OTHER SKIN, SUBCUT TISS & BREAST PROC W MCC",SKIN
580,"580 - OTHER SKIN, SUBCUT TISS & BREAST PROC W CC",SKIN
581,"581 - OTHER SKIN, SUBCUT TISS & BREAST PROC W/O CC/MCC",SKIN
582,582 - MASTECTOMY FOR MALIGNANCY W CC/MCC,SKIN
583,583 - MASTECTOMY FOR MALIGNANCY W/O CC/MCC,SKIN
592,592 - SKIN ULCERS W MCC,SKIN
593,593 - SKIN ULCERS W CC,SKIN
595,595 - MAJOR SKIN DISORDERS W MCC,SKIN
596,596 - MAJOR SKIN DISORDERS W/O MCC,SKIN
598,598 - MALIGNANT BREAST DISORDERS W CC,SKIN
602,602 - CELLULITIS W MCC,SKIN
603,603 - CELLULITIS W/O MCC,SKIN
604,"604 - TRAUMA TO THE SKIN, SUBCUT TISS & BREAST W MCC",SKIN
605,"605 - TRAUMA TO THE SKIN, SUBCUT TISS & BREAST W/O MCC",SKIN
606,606 - MINOR SKIN DISORDERS W MCC,SKIN
607,607 - MINOR SKIN DISORDERS W/O MCC,SKIN
614,614 - ADRENAL & PITUITARY PROCEDURES W CC/MCC,GLAND
615,615 - ADRENAL & PITUITARY PROCEDURES W/O CC/MCC,GLAND
616,"616 - AMPUTAT OF LOWER LIMB FOR ENDOCRINE,NUTRIT,& METABOL DIS W MCC",LIMBS
617,"617 - AMPUTAT OF LOWER LIMB FOR ENDOCRINE,NUTRIT,& METABOL DIS W CC",LIMBS
619,619 - O.R. PROCEDURES FOR OBESITY W MCC,DISEASE
620,620 - O.R. PROCEDURES FOR OBESITY W CC,DISEASE
621,621 - O.R. PROCEDURES FOR OBESITY W/O CC/MCC,DISEASE
623,"623 - SKIN GRAFTS & WOUND DEBRID FOR ENDOC, NUTRIT & METAB DIS W CC",SKIN
625,"625 - THYROID, PARATHYROID & THYROGLOSSAL PROCEDURES W MCC",GLAND
626,"626 - THYROID, PARATHYROID & THYROGLOSSAL PROCEDURES W CC",GLAND
627,"627 - THYROID, PARATHYROID & THYROGLOSSAL PROCEDURES W/O CC/MCC",GLAND
628,"628 - OTHER ENDOCRINE, NUTRIT & METAB O.R. PROC W MCC",GLAND
629,"629 - OTHER ENDOCRINE, NUTRIT & METAB O.R. PROC W CC",GLAND
630,"630 - OTHER ENDOCRINE, NUTRIT & METAB O.R. PROC W/O CC/MCC",GLAND
637,637 - DIABETES W MCC,DISEASE
638,638 - DIABETES W CC,DISEASE
639,639 - DIABETES W/O CC/MCC,DISEASE
640,"640 - MISC DISORDERS OF NUTRITION,METABOLISM,FLUIDS/ELECTROLYTES W MCC",DISEASE
641,"641 - MISC DISORDERS OF NUTRITION,METABOLISM,FLUIDS/ELECTROLYTES W/O MCC",DISEASE
642,642 - INBORN AND OTHER DISORDERS OF METABOLISM,DISEASE
643,643 - ENDOCRINE DISORDERS W MCC,GLAND
644,644 - ENDOCRINE DISORDERS W CC,GLAND
645,645 - ENDOCRINE DISORDERS W/O CC/MCC,GLAND
652,652 - KIDNEY TRANSPLANT,URINARY
653,653 - MAJOR BLADDER PROCEDURES W MCC,URINARY
654,654 - MAJOR BLADDER PROCEDURES W CC,URINARY
655,655 - MAJOR BLADDER PROCEDURES W/O CC/MCC,URINARY
656,656 - KIDNEY & URETER PROCEDURES FOR NEOPLASM W MCC,URINARY
657,657 - KIDNEY & URETER PROCEDURES FOR NEOPLASM W CC,URINARY
658,658 - KIDNEY & URETER PROCEDURES FOR NEOPLASM W/O CC/MCC,URINARY
659,659 - KIDNEY & URETER PROCEDURES FOR NON-NEOPLASM W MCC,URINARY
660,660 - KIDNEY & URETER PROCEDURES FOR NON-NEOPLASM W CC,URINARY
661,661 - KIDNEY & URETER PROCEDURES FOR NON-NEOPLASM W/O CC/MCC,URINARY
664,664 - MINOR BLADDER PROCEDURES W/O CC/MCC,URINARY
666,666 - PROSTATECTOMY W CC,URINARY
667,667 - PROSTATECTOMY W/O CC/MCC,URINARY
668,668 - TRANSURETHRAL PROCEDURES W MCC,URINARY
669,669 - TRANSURETHRAL PROCEDURES W CC,URINARY
670,670 - TRANSURETHRAL PROCEDURES W/O CC/MCC,URINARY
672,672 - URETHRAL PROCEDURES W/O CC/MCC,URINARY
673,673 - OTHER KIDNEY & URINARY TRACT PROCEDURES W MCC,URINARY
674,674 - OTHER KIDNEY & URINARY TRACT PROCEDURES W CC,URINARY
675,675 - OTHER KIDNEY & URINARY TRACT PROCEDURES W/O CC/MCC,URINARY
682,682 - RENAL FAILURE W MCC,URINARY
683,683 - RENAL FAILURE W CC,URINARY
684,684 - RENAL FAILURE W/O CC/MCC,URINARY
685,685 - ADMIT FOR RENAL DIALYSIS,URINARY
687,687 - KIDNEY & URINARY TRACT NEOPLASMS W CC,URINARY
689,689 - KIDNEY & URINARY TRACT INFECTIONS W MCC,URINARY
690,690 - KIDNEY & URINARY TRACT INFECTIONS W/O MCC,URINARY
691,691 - URINARY STONES W ESW LITHOTRIPSY W CC/MCC,URINARY
693,693 - URINARY STONES W/O ESW LITHOTRIPSY W MCC,URINARY
694,694 - URINARY STONES W/O ESW LITHOTRIPSY W/O MCC,URINARY
696,696 - KIDNEY & URINARY TRACT SIGNS & SYMPTOMS W/O MCC,URINARY
698,698 - OTHER KIDNEY & URINARY TRACT DIAGNOSES W MCC,URINARY
699,699 - OTHER KIDNEY & URINARY TRACT DIAGNOSES W CC,URINARY
700,700 - OTHER KIDNEY & URINARY TRACT DIAGNOSES W/O CC/MCC,URINARY
707,707 - MAJOR MALE PELVIC PROCEDURES W CC/MCC,Other
708,708 - MAJOR MALE PELVIC PROCEDURES W/O CC/MCC,Other
713,713 - TRANSURETHRAL PROSTATECTOMY W CC/MCC,URINARY
714,714 - TRANSURETHRAL PROSTATECTOMY W/O CC/MCC,URINARY
717,717 - OTHER MALE REPRODUCTIVE SYSTEM O.R. PROC EXC MALIGNANCY W CC/MCC,URINARY
726,726 - BENIGN PROSTATIC HYPERTROPHY W/O MCC,URINARY
728,728 - INFLAMMATION OF THE MALE REPRODUCTIVE SYSTEM W/O MCC,URINARY
734,"734 - PELVIC EVISCERATION, RAD HYSTERECTOMY & RAD VULVECTOMY W CC/MCC",URINARY
735,"735 - PELVIC EVISCERATION, RAD HYSTERECTOMY & RAD VULVECTOMY W/O CC/MCC",URINARY
737,737 - UTERINE & ADNEXA PROC FOR OVARIAN OR ADNEXAL MALIGNANCY W CC,URINARY
738,738 - UTERINE & ADNEXA PROC FOR OVARIAN OR ADNEXAL MALIGNANCY W/O CC/MCC,URINARY
740,"740 - UTERINE,ADNEXA PROC FOR NON-OVARIAN/ADNEXAL MALIG W CC",URINARY
741,"741 - UTERINE,ADNEXA PROC FOR NON-OVARIAN/ADNEXAL MALIG W/O CC/MCC",URINARY
742,742 - UTERINE & ADNEXA PROC FOR NON-MALIGNANCY W CC/MCC,URINARY
743,743 - UTERINE & ADNEXA PROC FOR NON-MALIGNANCY W/O CC/MCC,URINARY
744,"744 - D&C, CONIZATION, LAPAROSCOPY & TUBAL INTERRUPTION W CC/MCC",URINARY
746,"746 - VAGINA, CERVIX & VULVA PROCEDURES W CC/MCC",URINARY
747,"747 - VAGINA, CERVIX & VULVA PROCEDURES W/O CC/MCC",URINARY
748,748 - FEMALE REPRODUCTIVE SYSTEM RECONSTRUCTIVE PROCEDURES,URINARY
749,749 - OTHER FEMALE REPRODUCTIVE SYSTEM O.R. PROCEDURES W CC/MCC,URINARY
755,"755 - MALIGNANCY, FEMALE REPRODUCTIVE SYSTEM W CC",URINARY
758,"758 - INFECTIONS, FEMALE REPRODUCTIVE SYSTEM W CC",URINARY
760,760 - MENSTRUAL & OTHER FEMALE REPRODUCTIVE SYSTEM DISORDERS W CC/MCC,URINARY
765,765 - CESAREAN SECTION W CC/MCC,Other
766,766 - CESAREAN SECTION W/O CC/MCC,Other
774,774 - VAGINAL DELIVERY W COMPLICATING DIAGNOSES,Other
775,775 - VAGINAL DELIVERY W/O COMPLICATING DIAGNOSES,Other
781,781 - OTHER ANTEPARTUM DIAGNOSES W MEDICAL COMPLICATIONS,Other
808,808 - MAJOR HEMATOL/IMMUN DIAG EXC SICKLE CELL CRISIS & COAGUL W MCC,DISEASE
809,809 - MAJOR HEMATOL/IMMUN DIAG EXC SICKLE CELL CRISIS & COAGUL W CC,DISEASE
810,810 - MAJOR HEMATOL/IMMUN DIAG EXC SICKLE CELL CRISIS & COAGUL W/O CC/MCC,DISEASE
811,811 - RED BLOOD CELL DISORDERS W MCC,DISEASE
812,812 - RED BLOOD CELL DISORDERS W/O MCC,DISEASE
813,813 - COAGULATION DISORDERS,DISEASE
815,815 - RETICULOENDOTHELIAL & IMMUNITY DISORDERS W CC,DISEASE
820,820 - LYMPHOMA & LEUKEMIA W MAJOR O.R. PROCEDURE W MCC,CANCER
821,821 - LYMPHOMA & LEUKEMIA W MAJOR O.R. PROCEDURE W CC,CANCER
822,822 - LYMPHOMA & LEUKEMIA W MAJOR O.R. PROCEDURE W/O CC/MCC,CANCER
823,823 - LYMPHOMA & NON-ACUTE LEUKEMIA W OTHER O.R. PROC W MCC,CANCER
824,824 - LYMPHOMA & NON-ACUTE LEUKEMIA W OTHER O.R. PROC W CC,CANCER
826,826 - MYELOPROLIF DISORD OR POORLY DIFF NEOPL W MAJ O.R. PROC W MCC,CANCER
827,827 - MYELOPROLIF DISORD OR POORLY DIFF NEOPL W MAJ O.R. PROC W CC,CANCER
828,828 - MYELOPROLIF DISORD OR POORLY DIFF NEOPL W MAJ O.R. PROC W/O CC/MCC,CANCER
829,829 - MYELOPROLIF DISORD OR POORLY DIFF NEOPL W OTHER O.R. PROC W CC/MCC,CANCER
834,834 - ACUTE LEUKEMIA W/O MAJOR O.R. PROCEDURE W MCC,CANCER
835,835 - ACUTE LEUKEMIA W/O MAJOR O.R. PROCEDURE W CC,CANCER
837,837 - CHEMO W ACUTE LEUKEMIA AS SDX OR W HIGH DOSE CHEMO AGENT W MCC,CANCER
838,838 - CHEMO W ACUTE LEUKEMIA AS SDX W CC OR HIGH DOSE CHEMO AGENT,CANCER
839,839 - CHEMO W ACUTE LEUKEMIA AS SDX W/O CC/MCC,CANCER
840,840 - LYMPHOMA & NON-ACUTE LEUKEMIA W MCC,CANCER
841,841 - LYMPHOMA & NON-ACUTE LEUKEMIA W CC,CANCER
842,842 - LYMPHOMA & NON-ACUTE LEUKEMIA W/O CC/MCC,CANCER
843,843 - OTHER MYELOPROLIF DIS OR POORLY DIFF NEOPL DIAG W MCC,CANCER
844,844 - OTHER MYELOPROLIF DIS OR POORLY DIFF NEOPL DIAG W CC,CANCER
846,846 - CHEMOTHERAPY W/O ACUTE LEUKEMIA AS SECONDARY DIAGNOSIS W MCC,CANCER
847,847 - CHEMOTHERAPY W/O ACUTE LEUKEMIA AS SECONDARY DIAGNOSIS W CC,CANCER
848,848 - CHEMOTHERAPY W/O ACUTE LEUKEMIA AS SECONDARY DIAGNOSIS W/O CC/MCC,CANCER
849,849 - RADIOTHERAPY,CANCER
853,853 - INFECTIOUS & PARASITIC DISEASES W O.R. PROCEDURE W MCC,DISEASE
854,854 - INFECTIOUS & PARASITIC DISEASES W O.R. PROCEDURE W CC,DISEASE
856,856 - POSTOPERATIVE OR POST-TRAUMATIC INFECTIONS W O.R. PROC W MCC,DISEASE
857,857 - POSTOPERATIVE OR POST-TRAUMATIC INFECTIONS W O.R. PROC W CC,DISEASE
858,858 - POSTOPERATIVE OR POST-TRAUMATIC INFECTIONS W O.R. PROC W/O CC/MCC,DISEASE
862,862 - POSTOPERATIVE & POST-TRAUMATIC INFECTIONS W MCC,DISEASE
863,863 - POSTOPERATIVE & POST-TRAUMATIC INFECTIONS W/O MCC,DISEASE
864,864 - FEVER,DISEASE
865,865 - VIRAL ILLNESS W MCC,DISEASE
866,866 - VIRAL ILLNESS W/O MCC,DISEASE
867,867 - OTHER INFECTIOUS & PARASITIC DISEASES DIAGNOSES W MCC,DISEASE
868,868 - OTHER INFECTIOUS & PARASITIC DISEASES DIAGNOSES W CC,DISEASE
870,870 - SEPTICEMIA OR SEVERE SEPSIS W MV 96+ HOURS,DISEASE
871,871 - SEPTICEMIA OR SEVERE SEPSIS W/O MV 96+ HOURS W MCC,DISEASE
872,872 - SEPTICEMIA OR SEVERE SEPSIS W/O MV 96+ HOURS W/O MCC,DISEASE
880,880 - ACUTE ADJUSTMENT REACTION & PSYCHOSOCIAL DYSFUNCTION,DISEASE
881,881 - DEPRESSIVE NEUROSES,DISEASE
882,882 - NEUROSES EXCEPT DEPRESSIVE,DISEASE
883,883 - DISORDERS OF PERSONALITY & IMPULSE CONTROL,DISEASE
884,884 - ORGANIC DISTURBANCES & MENTAL RETARDATION,DISEASE
885,885 - PSYCHOSES,DISEASE
886,886 - BEHAVIORAL & DEVELOPMENTAL DISORDERS,DISEASE
887,887 - OTHER MENTAL DISORDER DIAGNOSES,DISEASE
894,"894 - ALCOHOL/DRUG ABUSE OR DEPENDENCE, LEFT AMA",DISEASE
895,895 - ALCOHOL/DRUG ABUSE OR DEPENDENCE W REHABILITATION THERAPY,DISEASE
896,896 - ALCOHOL/DRUG ABUSE OR DEPENDENCE W/O REHABILITATION THERAPY W MCC,DISEASE
897,897 - ALCOHOL/DRUG ABUSE OR DEPENDENCE W/O REHABILITATION THERAPY W/O MCC,DISEASE
904,904 - SKIN GRAFTS FOR INJURIES W CC/MCC,SKIN
907,907 - OTHER O.R. PROCEDURES FOR INJURIES W MCC,Other
908,908 - OTHER O.R. PROCEDURES FOR INJURIES W CC,Other
909,909 - OTHER O.R. PROCEDURES FOR INJURIES W/O CC/MCC,Other
914,914 - TRAUMATIC INJURY W/O MCC,Other
915,915 - ALLERGIC REACTIONS W MCC,Other
916,916 - ALLERGIC REACTIONS W/O MCC,Other
917,917 - POISONING & TOXIC EFFECTS OF DRUGS W MCC,Other
918,918 - POISONING & TOXIC EFFECTS OF DRUGS W/O MCC,Other
919,919 - COMPLICATIONS OF TREATMENT W MCC,Other
920,920 - COMPLICATIONS OF TREATMENT W CC,Other
921,921 - COMPLICATIONS OF TREATMENT W/O CC/MCC,Other
923,"923 - OTHER INJURY, POISONING & TOXIC EFFECT DIAG W/O MCC",Other
927,927 - EXTENSIVE BURNS OR FULL THICKNESS BURNS W MV 96+ HRS W SKIN GRAFT,Other
928,928 - FULL THICKNESS BURN W SKIN GRAFT OR INHAL INJ W CC/MCC,Other
929,929 - FULL THICKNESS BURN W SKIN GRAFT OR INHAL INJ W/O CC/MCC,Other
934,934 - FULL THICKNESS BURN W/O SKIN GRFT OR INHAL INJ,Other
935,935 - NON-EXTENSIVE BURNS,Other
940,940 - O.R. PROC W DIAGNOSES OF OTHER CONTACT W HEALTH SERVICES W CC,Other
945,945 - REHABILITATION W CC/MCC,Other
946,946 - REHABILITATION W/O CC/MCC,Other
947,947 - SIGNS & SYMPTOMS W MCC,Other
948,948 - SIGNS & SYMPTOMS W/O MCC,Other
949,949 - AFTERCARE W CC/MCC,Other
951,951 - OTHER FACTORS INFLUENCING HEALTH STATUS,Other
956,"956 - LIMB REATTACHMENT, HIP & FEMUR PROC FOR MULTIPLE SIGNIFICANT TRAUMA",LIMBS
957,957 - OTHER O.R. PROCEDURES FOR MULTIPLE SIGNIFICANT TRAUMA W MCC,Other
958,958 - OTHER O.R. PROCEDURES FOR MULTIPLE SIGNIFICANT TRAUMA W CC,Other
963,963 - OTHER MULTIPLE SIGNIFICANT TRAUMA W MCC,Other
964,964 - OTHER MULTIPLE SIGNIFICANT TRAUMA W CC,Other
969,969 - HIV W EXTENSIVE O.R. PROCEDURE W MCC,DISEASE
974,974 - HIV W MAJOR RELATED CONDITION W MCC,DISEASE
975,975 - HIV W MAJOR RELATED CONDITION W CC,DISEASE
976,976 - HIV W MAJOR RELATED CONDITION W/O CC/MCC,DISEASE
977,977 - HIV W OR W/O OTHER RELATED CONDITION,DISEASE
981,981 - EXTENSIVE O.R. PROCEDURE UNRELATED TO PRINCIPAL DIAGNOSIS W MCC,Other
982,982 - EXTENSIVE O.R. PROCEDURE UNRELATED TO PRINCIPAL DIAGNOSIS W CC,Other
983,983 - EXTENSIVE O.R. PROCEDURE UNRELATED TO PRINCIPAL DIAGNOSIS W/O CC/MCC,Other
987,987 - NON-EXTENSIVE O.R. PROC UNRELATED TO PRINCIPAL DIAGNOSIS W MCC,Other
988,988 - NON-EXTENSIVE O.R. PROC UNRELATED TO PRINCIPAL DIAGNOSIS W CC,Other
989,989 - NON-EXTENSIVE O.R. PROC UNRELATED TO PRINCIPAL DIAGNOSIS W/O CC/MCC,Other